City_ID,city,country,date,lat,lng,max_temp,humidity,cloudiness,wind speed
0,Barrow,US,2021-01-12 00:09:38,71.2906,-156.7887,1.4,78,90,23.02
1,Chiredzi,ZW,2021-01-12 00:15:36,-21.05,31.6667,73.09,92,70,6.73
2,Khatanga,RU,2021-01-12 00:04:27,71.9667,102.5,-19.35,88,100,4.85
3,Taltal,CL,2021-01-12 00:15:37,-25.4,-70.4833,65.73,73,53,5.37
4,Hermanus,ZA,2021-01-12 00:02:49,-34.4187,19.2345,66.99,92,90,3.0
5,Calbuco,CL,2021-01-12 00:15:37,-41.768,-73.1273,55.4,62,0,8.05
6,Georgetown,MY,2021-01-12 00:04:33,5.4112,100.3354,78.8,78,20,3.44
7,Dzilam Gonzalez,MX,2021-01-12 00:15:38,21.2833,-88.9333,72.16,75,87,5.88
8,Rikitea,PF,2021-01-12 00:09:37,-23.1203,-134.9692,78.64,76,92,19.08
9,Cherskiy,RU,2021-01-12 00:07:28,68.75,161.3,-34.83,82,0,1.32
10,Mataura,NZ,2021-01-12 00:04:26,-46.1927,168.8643,73.18,37,1,1.63
11,Homer,US,2021-01-12 00:07:02,59.6425,-151.5483,37.4,87,75,16.11
12,Port Elizabeth,ZA,2021-01-12 00:05:32,-33.918,25.5701,66.2,100,90,10.36
13,Butaritari,KI,2021-01-12 00:09:37,3.0707,172.7902,81.14,82,83,19.55
14,Aasiaat,GL,2021-01-12 00:15:39,68.7098,-52.8699,15.98,97,100,4.65
15,Lebu,CL,2021-01-12 00:07:11,-37.6167,-73.65,55.13,67,0,20.58
16,Hobyo,SO,2021-01-12 00:15:40,5.3505,48.5268,74.48,74,3,20.56
17,Faanui,PF,2021-01-12 00:05:14,-16.4833,-151.75,81.81,75,91,21.0
18,Upernavik,GL,2021-01-12 00:03:34,72.7868,-56.1549,22.66,95,81,25.39
19,Talnakh,RU,2021-01-12 00:07:05,69.4865,88.3972,-20.31,87,96,0.74
20,Hobart,AU,2021-01-12 00:04:15,-42.8794,147.3294,69.01,55,75,18.41
21,Ushuaia,AR,2021-01-12 00:06:59,-54.8,-68.3,46.4,76,75,8.05
22,Comodoro Rivadavia,AR,2021-01-12 00:15:41,-45.8667,-67.5,59.0,44,0,4.61
23,Axim,GH,2021-01-12 00:15:41,4.8699,-2.2405,79.09,87,0,7.85
24,Puerto Ayora,EC,2021-01-12 00:06:58,-0.7393,-90.3518,75.0,92,27,1.99
25,Derzhavinsk,KZ,2021-01-12 00:15:41,51.1,66.3167,15.55,97,100,2.21
26,Freetown,SL,2021-01-12 00:15:42,8.484,-13.2299,80.08,79,81,8.9
27,Kavieng,PG,2021-01-12 00:03:57,-2.5744,150.7967,84.79,70,100,8.93
28,Kapaa,US,2021-01-12 00:09:38,22.0752,-159.319,78.8,73,1,8.05
29,East London,ZA,2021-01-12 00:04:06,-33.0153,27.9116,72.81,90,75,8.08
30,Chuy,UY,2021-01-12 00:02:55,-33.6971,-53.4616,71.26,93,100,8.97
31,Nanortalik,GL,2021-01-12 00:07:46,60.1432,-45.2371,30.72,93,100,4.05
32,Jamestown,US,2021-01-12 00:02:49,42.097,-79.2353,33.01,74,90,11.5
33,Mehamn,NO,2021-01-12 00:08:03,71.0357,27.8492,17.67,92,60,22.08
34,Bredasdorp,ZA,2021-01-12 00:06:59,-34.5322,20.0403,68.0,88,99,11.5
35,Busselton,AU,2021-01-12 00:04:53,-33.65,115.3333,64.99,64,100,1.99
36,Saint-Philippe,RE,2021-01-12 00:03:43,-21.3585,55.7679,77.0,88,40,2.3
37,Cidreira,BR,2021-01-12 00:07:01,-30.1811,-50.2056,77.92,86,68,25.21
38,Igarka,RU,2021-01-12 00:15:44,67.4667,86.5833,-10.28,90,95,6.93
39,Ostrovnoy,RU,2021-01-12 00:07:09,68.0531,39.5131,4.12,91,1,16.78
40,Luderitz,NA,2021-01-12 00:03:40,-26.6481,15.1594,65.5,77,1,18.88
41,Asau,RO,2021-01-12 00:08:24,46.4333,26.4,30.2,100,90,4.61
42,Carutapera,BR,2021-01-12 00:08:32,-1.195,-46.02,78.49,82,35,7.23
43,Whitehorse,CA,2021-01-12 00:10:59,60.7161,-135.0538,28.4,80,75,18.41
44,Atuona,PF,2021-01-12 00:04:41,-9.8,-139.0333,77.5,80,14,15.7
45,Bengkulu,ID,2021-01-12 00:07:03,-3.8004,102.2655,75.22,95,100,11.99
46,Hurghada,EG,2021-01-12 00:15:45,27.2574,33.8129,64.4,59,0,6.91
47,Alofi,NU,2021-01-12 00:07:57,-19.0595,-169.9187,84.2,70,75,10.36
48,Nemuro,JP,2021-01-12 00:12:45,43.3236,145.575,10.4,79,75,2.3
49,Saskylakh,RU,2021-01-12 00:07:48,71.9167,114.0833,-25.19,85,100,6.73
50,Jejuri,IN,2021-01-12 00:15:46,18.2833,74.1667,68.97,60,93,4.68
51,Olafsvik,IS,2021-01-12 00:07:45,64.8945,-23.7142,31.05,91,7,7.09
52,Bontang,ID,2021-01-12 00:15:46,0.1333,117.5,78.6,86,61,5.44
53,Nome,US,2021-01-12 00:07:55,64.5011,-165.4064,15.8,73,90,20.71
54,Chokurdakh,RU,2021-01-12 00:07:10,70.6333,147.9167,-27.06,83,88,1.5
55,Port Alfred,ZA,2021-01-12 00:04:17,-33.5906,26.891,72.61,90,87,14.5
56,Dauphin,CA,2021-01-12 00:15:47,51.1494,-100.0502,25.02,91,95,13.71
57,Sassandra,CI,2021-01-12 00:15:47,4.95,-6.0833,77.56,89,62,5.88
58,Springbok,ZA,2021-01-12 00:15:47,-29.6643,17.8865,67.33,44,1,1.68
59,Saint-Augustin,CA,2021-01-12 00:08:06,51.226,-58.6502,15.51,85,11,10.07
60,Kirakira,SB,2021-01-12 00:15:48,-10.4544,161.9205,82.71,74,95,1.23
61,Thompson,CA,2021-01-12 00:07:34,55.7435,-97.8558,23.0,93,90,8.05
62,Saint-Pierre,RE,2021-01-12 00:08:55,-21.3393,55.4781,77.0,88,40,2.3
63,Elban,RU,2021-01-12 00:15:48,50.1018,136.5094,-6.3,87,100,3.89
64,Poum,NC,2021-01-12 00:06:07,-20.2333,164.0167,82.74,77,92,3.18
65,Inca,ES,2021-01-12 00:15:49,39.7211,2.9109,45.0,81,28,4.7
66,Zhigansk,RU,2021-01-12 00:04:29,66.7697,123.3711,-43.94,79,76,9.95
67,Antalaha,MG,2021-01-12 00:15:49,-14.9003,50.2788,74.77,89,29,4.38
68,Ostersund,SE,2021-01-12 00:15:50,63.1792,14.6357,28.0,100,100,14.97
69,Tuni,IN,2021-01-12 00:15:50,17.35,82.55,68.13,72,57,2.89
70,Mahebourg,MU,2021-01-12 00:02:48,-20.4081,57.7,78.8,94,75,14.97
71,Avarua,CK,2021-01-12 00:07:38,-21.2078,-159.775,86.0,70,75,16.11
72,Bambous Virieux,MU,2021-01-12 00:05:35,-20.3428,57.7575,79.0,94,75,14.97
73,Saint-Leu,RE,2021-01-12 00:15:51,-21.15,55.2833,78.8,83,90,3.44
74,Kawalu,ID,2021-01-12 00:08:17,-7.3817,108.2082,75.92,84,97,1.3
75,Changji,CN,2021-01-12 00:15:52,44.0167,87.3167,-4.0,77,80,2.24
76,Mahenge,TZ,2021-01-12 00:15:52,-8.6833,36.7167,64.11,100,100,1.05
77,Chitral,PK,2021-01-12 00:15:52,35.8462,71.7858,29.46,44,0,11.32
78,Colquechaca,BO,2021-01-12 00:08:37,-18.6667,-66.0167,39.7,100,79,3.56
79,Balkanabat,TM,2021-01-12 00:15:52,39.5108,54.3671,40.62,78,6,1.66
80,Carnarvon,AU,2021-01-12 00:04:55,-24.8667,113.6333,77.0,94,90,14.97
81,Vaini,TO,2021-01-12 00:07:14,-21.2,-175.2,86.0,79,75,10.36
82,Klaksvik,FO,2021-01-12 00:07:09,62.2266,-6.589,35.6,80,75,24.16
83,Maragogi,BR,2021-01-12 00:08:49,-9.0122,-35.2225,78.06,79,84,9.53
84,Quatre Cocos,MU,2021-01-12 00:08:22,-20.2078,57.7625,79.0,94,75,14.97
85,Aktash,RU,2021-01-12 00:15:54,50.3,87.7333,8.83,94,100,3.98
86,Brazzaville,CG,2021-01-12 00:15:54,-4.2658,15.2832,77.0,83,100,4.61
87,Torbay,CA,2021-01-12 00:02:56,47.6666,-52.7314,28.0,86,90,11.5
88,Nizwa,OM,2021-01-12 00:15:54,22.9333,57.5333,48.38,52,30,1.32
89,Kaitangata,NZ,2021-01-12 00:07:26,-46.2817,169.8464,62.01,62,1,8.01
90,Cape Town,ZA,2021-01-12 00:07:00,-33.9258,18.4232,70.0,68,0,13.8
91,Hasaki,JP,2021-01-12 00:07:03,35.7333,140.8333,39.0,93,75,10.36
92,Rawson,AR,2021-01-12 00:06:21,-43.3002,-65.1023,59.36,41,48,6.96
93,General Roca,AR,2021-01-12 00:15:55,-39.0333,-67.5833,68.0,24,0,5.75
94,Ada,US,2021-01-12 00:15:55,43.4166,-116.1262,39.2,56,1,6.91
95,Punta Arenas,CL,2021-01-12 00:09:37,-53.15,-70.9167,44.6,81,90,34.52
96,Port Augusta,AU,2021-01-12 00:07:14,-32.5,137.7667,82.0,60,0,17.27
97,Gavle,SE,2021-01-12 00:15:56,60.6745,17.1417,32.0,98,100,3.0
98,Fillmore,US,2021-01-12 00:15:56,43.6666,-92.1002,32.0,86,1,8.05
99,Mineiros,BR,2021-01-12 00:15:56,-17.5694,-52.5511,73.96,80,99,0.16
100,Berlevag,NO,2021-01-12 00:12:36,70.8578,29.0864,16.45,95,67,26.02
101,Albany,US,2021-01-12 00:02:29,42.6001,-73.9662,30.0,70,90,2.48
102,Traverse City,US,2021-01-12 00:15:57,44.7631,-85.6206,32.0,86,90,8.05
103,Ancud,CL,2021-01-12 00:04:11,-41.8697,-73.8203,57.0,62,75,10.36
104,Standerton,ZA,2021-01-12 00:14:25,-26.9337,29.2415,58.12,90,12,5.61
105,Aksay,RU,2021-01-12 00:15:58,47.26,39.87,30.2,100,75,6.71
106,Linjiang,CN,2021-01-12 00:15:58,41.8069,126.9078,7.47,90,89,2.3
107,Bluff,NZ,2021-01-12 00:04:26,-46.6,168.3333,62.51,60,4,2.08
108,Tuktoyaktuk,CA,2021-01-12 00:04:32,69.4541,-133.0374,3.2,85,90,14.97
109,Ponta Do Sol,PT,2021-01-12 00:07:16,32.6667,-17.1,55.0,63,13,7.0
110,Stromness,GB,2021-01-12 00:15:59,58.965,-3.296,37.4,81,75,20.71
111,Ribeira Grande,PT,2021-01-12 00:04:26,38.5167,-28.7,62.69,88,98,20.07
112,Yulara,AU,2021-01-12 00:15:59,-25.2406,130.9889,95.0,15,0,8.05
113,Gamba,GA,2021-01-12 00:15:59,-2.65,10.0,77.88,86,100,6.49
114,Hithadhoo,MV,2021-01-12 00:02:58,-0.6,73.0833,80.94,79,77,17.92
115,Paungde,MM,2021-01-12 00:16:00,18.4833,95.5,66.74,84,62,5.53
116,Paragominas,BR,2021-01-12 00:12:08,-2.9667,-47.4833,73.76,91,46,3.09
117,Havre-Saint-Pierre,CA,2021-01-12 00:16:00,50.2334,-63.5986,8.6,85,1,6.91
118,Lae,PG,2021-01-12 00:16:00,-6.7221,146.9847,88.07,58,100,2.48
119,Lorengau,PG,2021-01-12 00:07:20,-2.0226,147.2712,85.37,70,100,8.23
120,Mochudi,BW,2021-01-12 00:16:01,-24.4167,26.15,73.4,64,0,6.91
121,Amapa,BR,2021-01-12 00:16:01,1.0,-52.0,73.11,98,100,3.67
122,Aklavik,CA,2021-01-12 00:07:04,68.2191,-135.0107,1.4,85,90,10.31
123,Fairbanks,US,2021-01-12 00:05:31,64.8378,-147.7164,26.6,86,75,1.34
124,Saint George,US,2021-01-12 00:05:31,37.1041,-113.5841,50.0,25,1,3.44
125,Ekibastuz,KZ,2021-01-12 00:16:02,51.6667,75.3667,8.11,93,100,10.92
126,Thakurdwara,IN,2021-01-12 00:16:02,29.2,78.85,45.5,79,0,6.33
127,Storsteinnes,NO,2021-01-12 00:15:21,69.2408,19.2344,23.0,57,7,5.75
128,Tasiilaq,GL,2021-01-12 00:02:56,65.6145,-37.6368,17.6,73,90,2.3
129,Bonavista,CA,2021-01-12 00:08:49,48.6499,-53.1147,26.01,93,40,1.14
130,Moranbah,AU,2021-01-12 00:16:03,-22.0016,148.0466,76.39,75,88,16.55
131,Touros,BR,2021-01-12 00:07:39,-5.1989,-35.4608,80.6,74,40,11.5
132,Spring Valley,US,2021-01-12 00:11:57,36.108,-115.245,57.2,16,75,5.75
133,Qaanaaq,GL,2021-01-12 00:09:38,77.484,-69.3632,1.76,73,6,6.93
134,Elizabeth City,US,2021-01-12 00:14:17,36.2946,-76.2511,43.0,87,90,5.75
135,Inhambane,MZ,2021-01-12 00:16:04,-23.865,35.3833,77.11,86,37,6.42
136,Severo-Kurilsk,RU,2021-01-12 00:03:26,50.6789,156.125,24.17,89,99,27.11
137,Yellowknife,CA,2021-01-12 00:06:56,62.456,-114.3525,8.6,92,20,10.36
138,Obuasi,GH,2021-01-12 00:16:05,6.206,-1.6619,73.17,97,13,3.02
139,New Norfolk,AU,2021-01-12 00:04:20,-42.7826,147.0587,69.01,64,44,1.99
140,Mount Gambier,AU,2021-01-12 00:03:11,-37.8333,140.7667,62.6,55,90,16.11
141,San Juan De Abajo,MX,2021-01-12 00:16:05,20.8167,-105.1833,69.8,83,1,10.36
142,Shingu,JP,2021-01-12 00:07:30,33.7333,135.9833,39.2,93,75,5.75
143,Camopi,GF,2021-01-12 00:16:06,3.1655,-52.3158,72.48,98,100,2.73
144,Illela,NG,2021-01-12 00:16:06,13.7292,5.2975,73.04,19,0,11.54
145,Sisimiut,GL,2021-01-12 00:08:44,66.9395,-53.6735,17.2,96,99,1.25
146,Mbandaka,CD,2021-01-12 00:16:06,0.0487,18.2603,74.7,74,47,3.31
147,Victoria,HK,2021-01-12 00:05:31,22.2855,114.1577,50.0,30,30,4.0
148,Saldanha,ZA,2021-01-12 00:07:15,-33.0117,17.9442,64.4,72,0,4.61
149,Nikolskoye,RU,2021-01-12 00:07:19,59.7035,30.7861,9.0,85,75,11.18
150,Mabaruma,GY,2021-01-12 00:16:07,8.2,-59.7833,73.33,91,15,4.29
151,Ahipara,NZ,2021-01-12 00:07:12,-35.1667,173.1667,71.91,53,69,5.41
152,Bethel,US,2021-01-12 00:07:32,41.3712,-73.414,28.0,80,1,1.99
153,Bolobo,CD,2021-01-12 00:16:07,-2.1667,16.2333,74.16,85,18,4.0
154,San Jose,US,2021-01-12 00:15:47,37.3394,-121.895,62.01,55,75,9.22
155,Port Hardy,CA,2021-01-12 00:15:01,50.6996,-127.4199,50.0,81,75,16.11
156,Agadez,NE,2021-01-12 00:16:08,19.75,10.25,64.74,26,0,5.57
157,Batemans Bay,AU,2021-01-12 00:16:08,-35.7167,150.1833,82.99,46,100,3.0
158,Namibe,AO,2021-01-12 00:08:34,-15.1961,12.1522,72.34,65,84,8.14
159,Arraial Do Cabo,BR,2021-01-12 00:04:30,-22.9661,-42.0278,76.6,87,24,21.21
160,Mar Del Plata,AR,2021-01-12 00:04:55,-38.0023,-57.5575,64.0,72,75,14.97
161,Fethiye,TR,2021-01-12 00:16:09,36.6217,29.1164,51.8,100,75,3.44
162,Nantucket,US,2021-01-12 00:14:04,41.2835,-70.0995,39.2,81,75,9.22
163,Mackay,AU,2021-01-12 00:15:17,-21.15,149.2,78.01,88,90,14.97
164,Tual,ID,2021-01-12 00:07:43,-5.6667,132.75,84.38,72,72,3.27
165,Hilo,US,2021-01-12 00:04:25,19.7297,-155.09,82.4,57,40,13.8
166,Nara,JP,2021-01-12 00:13:43,34.6851,135.8049,35.01,100,75,1.66
167,Vila Velha,BR,2021-01-12 00:09:03,-20.3297,-40.2925,79.0,83,40,8.05
168,Gawler,AU,2021-01-12 00:17:27,-34.6,138.7333,73.0,46,0,1.99
169,Gwadar,PK,2021-01-12 00:17:27,25.1216,62.3254,62.1,29,0,10.71
170,Te Anau,NZ,2021-01-12 00:07:40,-45.4167,167.7167,70.0,47,1,3.06
171,Coihaique,CL,2021-01-12 00:12:33,-45.5752,-72.0662,51.8,50,40,3.44
172,Angoram,PG,2021-01-12 00:17:28,-4.0625,144.0661,89.29,64,95,1.45
173,Dunedin,NZ,2021-01-12 00:15:16,-45.8742,170.5036,64.56,65,0,7.02
174,Petropavlovsk-Kamchatskiy,RU,2021-01-12 00:17:28,53.0452,158.6483,1.4,71,69,11.18
175,Zelenoborsk,RU,2021-01-12 00:17:28,61.4669,64.0333,-24.07,86,0,2.17
176,Peniche,PT,2021-01-12 00:17:29,39.3558,-9.3811,39.99,57,0,5.01
177,Tula,RU,2021-01-12 00:17:29,54.2044,37.6111,10.0,95,100,4.05
178,Sinnamary,GF,2021-01-12 00:05:54,5.3833,-52.95,77.68,85,43,12.62
179,Makat,KZ,2021-01-12 00:17:29,47.6469,53.3463,20.07,97,71,8.81
180,Papara,BR,2021-01-12 00:17:29,-3.9839,-38.7273,81.0,83,40,8.05
181,Odweyne,SO,2021-01-12 00:17:30,9.4092,45.064,63.57,34,2,20.4
182,Opuwo,NA,2021-01-12 00:09:15,-18.0607,13.84,64.69,68,76,6.08
183,Veraval,IN,2021-01-12 00:17:30,20.9,70.3667,70.88,40,0,12.66
184,Kavaratti,IN,2021-01-12 00:16:42,10.5669,72.642,82.33,74,100,8.55
185,Samarai,PG,2021-01-12 00:08:40,-10.6167,150.6667,86.16,68,88,7.49
186,Tiksi,RU,2021-01-12 00:16:20,71.6872,128.8694,-35.84,82,80,8.05
187,Velsk,RU,2021-01-12 00:17:31,61.0701,42.0983,-21.15,87,14,4.41
188,Stony Plain,CA,2021-01-12 00:17:31,53.5334,-114.0021,37.99,56,90,12.66
189,Moree,AU,2021-01-12 00:08:21,-29.4667,149.85,77.0,53,0,10.36
190,Naron,ES,2021-01-12 00:17:32,43.5167,-8.1528,45.0,100,0,4.61
191,Alexandria,EG,2021-01-12 00:17:32,31.2156,29.9553,60.8,88,0,5.75
192,Provideniya,RU,2021-01-12 00:04:37,64.3833,-173.3,-2.2,71,0,8.95
193,Halifax,CA,2021-01-12 00:16:02,44.6453,-63.5724,35.6,64,72,3.44
194,Flinders,AU,2021-01-12 00:17:33,-34.5833,150.8552,82.99,66,100,3.0
195,Tezu,IN,2021-01-12 00:08:07,27.9167,96.1667,58.62,60,40,2.59
196,Araceli,PH,2021-01-12 00:17:33,10.5529,119.9913,80.31,77,100,26.42
197,Korla,CN,2021-01-12 00:07:51,41.7597,86.1469,12.02,85,0,7.11
198,Cabo San Lucas,MX,2021-01-12 00:06:14,22.8909,-109.9124,70.0,52,1,11.5
199,Kalmunai,LK,2021-01-12 00:16:57,7.4167,81.8167,75.67,92,100,6.87
200,Natal,BR,2021-01-12 00:17:34,-5.795,-35.2094,80.6,78,40,9.22
201,Lujiang,CN,2021-01-12 00:17:34,31.2581,117.2817,33.01,50,0,11.18
202,Westport,US,2021-01-12 00:05:09,41.1415,-73.3579,34.0,64,20,3.44
203,Kahului,US,2021-01-12 00:17:35,20.8947,-156.47,82.4,54,40,16.11
204,Sharjah,AE,2021-01-12 00:16:32,25.3573,55.4033,59.0,76,0,3.44
205,Leningradskiy,RU,2021-01-12 00:08:19,69.3833,178.4167,-22.61,83,100,13.87
206,Port Lincoln,AU,2021-01-12 00:17:35,-34.7333,135.8667,63.93,62,41,14.34
207,Lagoa,PT,2021-01-12 00:17:35,39.05,-27.9833,61.7,91,99,21.07
208,Port Blair,IN,2021-01-12 00:17:36,11.6667,92.75,79.39,76,30,14.29
209,Bonthe,SL,2021-01-12 00:08:39,7.5264,-12.505,79.92,82,44,9.71
210,College,US,2021-01-12 00:09:20,64.8569,-147.8028,26.6,86,75,1.66
211,Vila Franca Do Campo,PT,2021-01-12 00:17:36,37.7167,-25.4333,59.0,100,90,5.75
212,Warangal,IN,2021-01-12 00:17:36,18.0,79.5833,67.84,60,85,3.24
213,Lock Haven,US,2021-01-12 00:17:37,41.137,-77.4469,33.01,85,52,3.27
214,Mandalgarh,IN,2021-01-12 00:17:37,25.2,75.1,50.85,45,0,3.47
215,Plymouth,US,2021-01-12 00:17:37,41.8334,-70.8328,36.0,60,40,4.61
216,Kosterevo,RU,2021-01-12 00:17:37,55.9299,39.6144,-0.51,93,86,4.09
217,Hamilton,US,2021-01-12 00:03:32,39.1834,-84.5333,28.0,74,1,4.61
218,Salinopolis,BR,2021-01-12 00:17:38,-0.6136,-47.3561,79.36,84,76,9.84
219,Esperance,AU,2021-01-12 00:17:38,-33.8667,121.9,64.4,52,75,11.5
220,Raga,SS,2021-01-12 00:17:38,8.4596,25.678,63.43,29,0,3.87
221,Lompoc,US,2021-01-12 00:05:14,34.6391,-120.4579,59.0,82,1,6.91
222,Vardo,NO,2021-01-12 00:08:00,70.3705,31.1107,19.94,95,29,25.66
223,Lata,PT,2021-01-12 00:17:39,40.1629,-8.3327,41.0,86,0,2.3
224,Jalu,LY,2021-01-12 00:07:55,29.0331,21.5482,63.81,42,83,9.93
225,Suleja,NG,2021-01-12 00:17:39,9.1758,7.1808,73.18,20,0,5.46
226,Lagos,NG,2021-01-12 00:17:39,6.5833,3.75,78.69,87,32,5.21
227,Bilibino,RU,2021-01-12 00:17:40,68.0546,166.4372,-26.27,80,1,2.28
228,Broken Hill,AU,2021-01-12 00:17:40,-31.95,141.4333,77.0,44,0,12.66
229,Ossora,RU,2021-01-12 00:12:42,59.2353,163.0719,1.53,92,98,7.81
230,Teguise,ES,2021-01-12 00:17:40,29.0605,-13.564,57.2,77,20,8.05
231,Longyearbyen,SJ,2021-01-12 00:03:35,78.2186,15.6401,17.6,79,0,3.44
232,Yumen,CN,2021-01-12 00:08:16,40.2833,97.2,15.91,71,0,37.78
233,Dingle,PH,2021-01-12 00:07:57,10.9995,122.6711,74.62,90,100,13.38
234,Mao,ES,2021-01-12 00:17:41,39.8885,4.2658,41.0,87,0,5.75
235,Salalah,OM,2021-01-12 00:17:41,17.0151,54.0924,69.8,26,0,13.8
236,San Cristobal,VE,2021-01-12 00:05:55,7.7669,-72.225,64.65,90,34,2.59
237,Port Hedland,AU,2021-01-12 00:12:37,-20.3167,118.5667,89.6,70,16,12.66
238,Kutum,SD,2021-01-12 00:17:42,14.2,24.6667,53.01,40,0,8.52
239,Mayo,US,2021-01-12 00:08:05,38.8876,-76.5119,39.99,93,1,3.6
240,Chitapur,IN,2021-01-12 00:17:43,17.1167,77.0833,68.99,55,99,1.95
241,Datong,CN,2021-01-12 00:16:36,40.0936,113.2914,10.62,78,56,7.9
242,Jinchang,CN,2021-01-12 00:17:43,38.4953,102.1739,22.66,55,0,5.01
243,Byron Bay,AU,2021-01-12 00:17:43,-28.65,153.6167,80.6,57,31,10.36
244,Souillac,MU,2021-01-12 00:04:55,-20.5167,57.5167,78.8,94,75,14.97
245,Puerto Madryn,AR,2021-01-12 00:17:44,-42.7692,-65.0385,60.22,41,43,10.36
246,Urengoy,RU,2021-01-12 00:17:44,65.9667,78.3667,-7.22,91,74,13.96
247,Akureyri,IS,2021-01-12 00:17:44,65.6835,-18.0878,8.6,92,0,3.44
248,Pandan,PH,2021-01-12 00:17:44,14.0453,124.1694,75.81,77,99,20.71
249,Tyret Pervaya,RU,2021-01-12 00:17:45,53.6703,102.3106,-3.28,90,100,11.3
250,Norman Wells,CA,2021-01-12 00:02:54,65.282,-126.8329,3.2,85,75,2.3
251,Natchez,US,2021-01-12 00:14:22,31.5604,-91.4032,35.6,80,90,11.5
252,Puerto Ayacucho,VE,2021-01-12 00:17:45,5.6639,-67.6236,78.21,74,77,8.3
253,Narsaq,GL,2021-01-12 00:08:23,60.9167,-46.05,41.0,33,75,26.46
254,Kargasok,RU,2021-01-12 00:17:45,59.0556,80.8572,-27.62,85,13,6.31
255,Ilulissat,GL,2021-01-12 00:17:46,69.2167,-51.1,24.8,86,90,2.3
256,Uchaly,RU,2021-01-12 00:17:46,54.2996,59.4521,-12.5,90,100,7.05
257,Tochtepec,MX,2021-01-12 00:17:46,18.8333,-97.8167,53.6,82,75,5.75
258,Podor,MR,2021-01-12 00:17:46,16.6527,-14.9587,71.6,40,100,2.3
259,Mancio Lima,BR,2021-01-12 00:17:46,-7.6142,-72.8958,77.13,83,84,2.73
260,Antequera,ES,2021-01-12 00:17:47,37.0194,-4.5612,46.99,93,20,9.22
261,Niquelandia,BR,2021-01-12 00:17:47,-14.4739,-48.4597,73.83,83,72,1.32
262,Belaya Gora,RU,2021-01-12 00:17:47,68.5333,146.4167,-37.55,83,32,0.87
263,Kodiak,US,2021-01-12 00:17:16,57.79,-152.4072,35.6,93,90,3.44
264,Isangel,VU,2021-01-12 00:08:06,-19.55,169.2667,84.2,84,90,5.75
265,Pevek,RU,2021-01-12 00:17:48,69.7008,170.3133,-32.26,85,27,1.48
266,Scalea,IT,2021-01-12 00:17:48,39.813,15.7956,48.0,97,54,1.66
267,Roma,US,2021-01-12 00:08:44,43.2128,-75.4557,28.0,80,1,3.83
268,Dieppe,FR,2021-01-12 00:13:01,49.75,1.1667,45.0,93,100,1.99
269,Rognan,NO,2021-01-12 00:04:24,67.0953,15.3878,26.6,54,0,29.93
270,Mangai,CD,2021-01-12 00:17:49,-4.05,19.5333,70.23,93,50,1.52
271,Sambava,MG,2021-01-12 00:17:49,-14.2667,50.1667,76.8,87,30,2.89
272,Fortuna,US,2021-01-12 00:17:49,40.5982,-124.1573,57.99,71,1,11.5
273,San Patricio,US,2021-01-12 00:17:49,28.017,-97.5169,50.0,66,75,8.05
274,Rosarito,MX,2021-01-12 00:09:22,32.3333,-117.0333,69.8,26,1,9.22
275,Viseu De Sus,RO,2021-01-12 00:17:50,47.7167,24.4333,29.44,96,99,0.36
276,Udalguri,IN,2021-01-12 00:17:50,26.7667,92.1333,60.24,66,82,5.68
277,Villamontes,BO,2021-01-12 00:17:50,-21.25,-63.5,80.91,66,50,5.53
278,Bay Roberts,CA,2021-01-12 00:17:50,47.5999,-53.2648,26.6,80,90,10.36
279,Martapura,ID,2021-01-12 00:17:51,-3.4167,114.85,77.0,94,75,5.75
280,Mbanza-Ngungu,CD,2021-01-12 00:17:51,-5.25,14.8667,66.92,100,57,3.65
281,Geraldton,AU,2021-01-12 00:17:52,-28.7667,114.6,77.0,69,40,20.71
282,Llangefni,GB,2021-01-12 00:17:52,53.2556,-4.3106,48.99,100,75,25.32
283,Ormara,PK,2021-01-12 00:17:52,25.2088,64.6357,65.77,36,0,5.68
284,Pochutla,MX,2021-01-12 00:17:52,15.7432,-96.4661,84.2,51,1,8.05
285,Castro,BR,2021-01-12 00:17:53,-24.7911,-50.0119,68.11,95,20,5.3
286,Ngunguru,NZ,2021-01-12 00:17:53,-35.6167,174.5,75.99,59,40,5.99
287,Sijunjung,ID,2021-01-12 00:14:16,-0.6876,100.9537,72.12,90,100,1.54
288,Husavik,IS,2021-01-12 00:05:15,66.0449,-17.3389,10.4,92,0,2.3
289,Dunmore Town,BS,2021-01-12 00:17:54,25.5,-76.65,74.41,72,88,9.24
290,Senneterre,CA,2021-01-12 00:16:24,48.3835,-77.2328,26.6,100,90,4.61
291,Grajau,BR,2021-01-12 00:17:54,-5.8194,-46.1386,74.5,92,95,2.86
292,Anadyr,RU,2021-01-12 00:05:01,64.75,177.4833,-27.0,75,48,13.42
293,Ixtapa,MX,2021-01-12 00:04:35,20.7,-105.2,69.8,83,1,10.36
294,Los Llanos De Aridane,ES,2021-01-12 00:17:55,28.6585,-17.9182,59.0,72,75,11.5
295,Iracoubo,GF,2021-01-12 00:17:55,5.4802,-53.2011,78.44,83,47,13.0
296,Bloemhof,ZA,2021-01-12 00:17:55,-27.6469,25.607,68.34,83,100,7.96
297,Coquimbo,CL,2021-01-12 00:12:59,-29.9533,-71.3436,62.6,77,20,9.22
298,Itoman,JP,2021-01-12 00:17:56,26.1247,127.6694,55.4,76,75,25.32
299,Karachi,PK,2021-01-12 00:17:35,24.9056,67.0822,46.4,39,0,9.22
300,Myitkyina,MM,2021-01-12 00:17:56,25.3833,97.4,56.66,87,84,3.22
301,Coalinga,US,2021-01-12 00:17:57,36.1397,-120.3602,60.01,58,28,1.01
302,Sur,OM,2021-01-12 00:17:22,22.5667,59.5289,65.48,52,4,11.23
303,Kruisfontein,ZA,2021-01-12 00:08:15,-34.0033,24.7314,66.99,93,100,3.0
304,Galle,LK,2021-01-12 00:17:57,6.0367,80.217,75.31,90,78,5.41
305,Zelhem,NL,2021-01-12 00:17:57,52.0067,6.3486,44.01,92,100,8.99
306,Codrington,AU,2021-01-12 00:17:58,-38.2667,141.9667,60.58,65,91,11.05
307,Puerto Narino,CO,2021-01-12 00:17:58,-3.7703,-70.3831,78.8,94,75,2.3
308,Marawi,PH,2021-01-12 00:17:58,7.9986,124.2928,75.99,95,56,1.01
309,Mozarlandia,BR,2021-01-12 00:17:59,-14.7447,-50.5706,76.33,83,83,2.53
310,Okakarara,NA,2021-01-12 00:17:59,-20.5833,17.4333,66.81,87,100,12.93
311,Iqaluit,CA,2021-01-12 00:16:04,63.7506,-68.5145,6.8,78,90,3.38
312,Tsumeb,NA,2021-01-12 00:18:00,-19.2333,17.7167,66.2,94,100,6.91
313,Radomsko,PL,2021-01-12 00:18:00,51.0671,19.4448,26.01,10,68,1.01
314,Richards Bay,ZA,2021-01-12 00:05:13,-28.783,32.0377,72.7,88,60,3.27
315,Ahuimanu,US,2021-01-12 00:09:19,21.4447,-157.8378,80.6,65,20,8.05
316,Sao Joao Da Barra,BR,2021-01-12 00:08:41,-21.6403,-41.0511,77.14,87,36,18.3
317,San Fernando,PH,2021-01-12 00:18:01,15.0286,120.6898,73.4,68,75,11.5
318,Pangnirtung,CA,2021-01-12 00:18:01,66.1451,-65.7125,1.4,85,75,1.03
319,Dire Dawa,ET,2021-01-12 00:18:01,9.5931,41.8661,63.39,57,44,3.71
320,Shimoda,JP,2021-01-12 00:08:13,34.6667,138.95,44.6,70,75,6.91
321,Ketchikan,US,2021-01-12 00:17:24,55.3422,-131.6461,42.8,87,90,16.11
322,Rocha,UY,2021-01-12 00:12:42,-34.4833,-54.3333,72.54,87,100,7.31
323,Portland,US,2021-01-12 00:08:16,45.5234,-122.6762,48.0,71,90,16.11
324,Airai,TL,2021-01-12 00:18:02,-8.9266,125.4092,70.77,85,22,0.6
325,Kalang,PH,2021-01-12 00:18:02,5.9197,121.3631,80.64,78,98,5.01
326,Iznoski,RU,2021-01-12 00:18:02,54.9881,35.3108,9.64,96,100,1.7
327,Price,US,2021-01-12 00:18:03,39.5994,-110.8107,28.4,50,1,0.83
328,Varkaus,FI,2021-01-12 00:18:03,62.3153,27.873,15.8,92,90,11.5
329,Puerto Escondido,MX,2021-01-12 00:15:06,15.85,-97.0667,77.0,78,20,2.35
330,Tuatapere,NZ,2021-01-12 00:08:12,-46.1333,167.6833,70.3,42,0,0.89
331,Sao Filipe,CV,2021-01-12 00:18:04,14.8961,-24.4956,69.46,74,43,15.68
332,Makakilo City,US,2021-01-12 00:18:04,21.3469,-158.0858,82.4,61,1,9.22
333,Wairoa,NZ,2021-01-12 00:18:04,-39.0333,177.3667,73.0,65,18,8.01
334,Caravelas,BR,2021-01-12 00:18:05,-17.7125,-39.2481,76.44,87,0,6.29
335,Ocean City,US,2021-01-12 00:18:05,39.2776,-74.5746,42.01,81,1,4.61
336,Atar,MR,2021-01-12 00:05:08,20.5169,-13.0499,59.45,42,100,9.26
337,Cockburn Town,TC,2021-01-12 00:17:06,21.4612,-71.1419,78.28,79,35,16.62
338,Teguldet,RU,2021-01-12 00:18:05,57.3064,88.1667,-26.05,85,0,3.65
339,Itaituba,BR,2021-01-12 00:12:50,-4.2761,-55.9836,80.6,89,75,5.75
340,Kibala,TD,2021-01-12 00:18:06,9.1104,18.3463,62.6,59,0,3.76
341,Ajdabiya,LY,2021-01-12 00:09:04,30.7554,20.2263,66.56,40,50,15.79
342,Cedar City,US,2021-01-12 00:16:05,37.6775,-113.0619,33.8,47,1,6.91
343,Road Town,VG,2021-01-12 00:17:41,18.4167,-64.6167,78.01,73,20,9.22
344,Belyy Yar,RU,2021-01-12 00:18:07,53.6039,91.3903,-0.4,71,40,6.71
345,Oktyabrskoye,RU,2021-01-12 00:18:07,43.0645,44.7417,32.0,100,100,2.24
346,Vostok,RU,2021-01-12 00:18:08,46.4856,135.8833,-0.8,86,99,3.36
347,Sabla,NG,2021-01-12 00:18:08,12.7525,4.7077,73.04,19,0,11.23
348,Plettenberg Bay,ZA,2021-01-12 00:18:08,-34.0527,23.3716,68.99,93,43,6.64
349,Cayenne,GF,2021-01-12 00:16:51,4.9333,-52.3333,77.0,94,75,6.91
350,Clyde River,CA,2021-01-12 00:18:09,70.4692,-68.5914,1.4,85,90,11.5
351,Bud,US,2021-01-12 00:08:16,39.447,-86.1758,24.8,86,90,4.61
352,Ndele,CF,2021-01-12 00:18:09,8.4109,20.6473,69.19,23,0,6.46
353,Sokoni,TZ,2021-01-12 00:18:10,-6.4333,39.55,80.78,79,94,17.13
354,Beaufort,MY,2021-01-12 00:18:10,5.3473,115.7455,78.8,89,20,2.3
355,Buzmeyin,TM,2021-01-12 00:18:10,38.0507,58.2056,32.0,74,0,6.91
356,Kapuskasing,CA,2021-01-12 00:18:10,49.4169,-82.4331,26.6,93,65,4.61
357,Adrar,MR,2021-01-12 00:18:10,20.5022,-10.0711,56.57,38,100,9.37
358,San Quintin,MX,2021-01-12 00:14:09,30.4833,-115.95,64.2,40,0,3.8
359,Saint-Joseph,RE,2021-01-12 00:18:11,-21.3667,55.6167,78.8,83,90,3.44
360,Marienburg,PL,2021-01-12 00:18:11,54.0359,19.0266,32.0,82,100,8.01
361,Almunecar,ES,2021-01-12 00:18:02,36.7339,-3.6907,44.01,90,12,3.0
362,Agutaya,PH,2021-01-12 00:18:12,11.148,120.9417,78.96,78,100,33.46
363,Tamworth,GB,2021-01-12 00:18:12,52.634,-1.6959,48.0,94,100,8.99
364,Sosua,DO,2021-01-12 00:18:12,19.7667,-70.5167,75.2,100,75,12.03
365,Toccoa,US,2021-01-12 00:18:13,34.5773,-83.3324,41.0,93,90,3.44
366,Dikson,RU,2021-01-12 00:18:13,73.5069,80.5464,7.41,96,100,4.9
367,Ust-Tsilma,RU,2021-01-12 00:18:13,65.441,52.1498,-15.48,86,24,0.78
368,Akdepe,TM,2021-01-12 00:18:13,42.0551,59.3788,28.4,93,0,2.3
369,Etoka,RU,2021-01-12 00:18:13,43.9194,43.0483,30.2,93,90,6.71
370,Vestmannaeyjar,IS,2021-01-12 00:08:46,63.4427,-20.2734,37.04,78,3,13.71
371,Arnes,NO,2021-01-12 00:18:14,60.1211,11.4663,14.0,85,0,4.61
372,Preobrazheniye,RU,2021-01-12 00:18:14,42.9019,133.9064,19.63,94,100,10.58
373,Baykit,RU,2021-01-12 00:18:14,61.67,96.37,-21.21,82,96,1.77
374,Maneadero,MX,2021-01-12 00:18:15,31.7167,-116.5667,66.0,62,0,1.99
375,Kichera,RU,2021-01-12 00:18:15,55.9375,110.0997,-4.86,83,100,3.8
376,Viedma,AR,2021-01-12 00:17:35,-40.8135,-62.9967,61.61,29,7,7.31
377,Kaeo,NZ,2021-01-12 00:18:16,-35.1,173.7833,75.99,59,59,5.99
378,Acarau,BR,2021-01-12 00:18:16,-2.8856,-40.12,77.86,81,2,12.82
379,Grindavik,IS,2021-01-12 00:18:16,63.8424,-22.4338,28.4,80,20,9.22
380,Kumbo,CM,2021-01-12 00:18:16,6.2,10.6667,59.9,34,0,5.37
381,Dogondoutchi,NE,2021-01-12 00:18:17,13.6393,4.0287,75.24,18,0,10.85
382,Tete,MZ,2021-01-12 00:18:17,-16.1564,33.5867,77.0,100,75,4.76
383,Grand-Santi,GF,2021-01-12 00:09:30,4.25,-54.3833,72.72,97,98,2.53
384,Yerbogachen,RU,2021-01-12 00:17:45,61.2767,108.0108,-35.63,82,93,2.06
385,Semypolky,UA,2021-01-12 00:18:18,50.7167,30.9333,30.99,86,90,4.47
386,Pisco,PE,2021-01-12 00:18:18,-13.7,-76.2167,71.6,83,0,18.41
387,Tromso,NO,2021-01-12 00:18:18,69.6496,18.957,23.0,58,0,24.16
388,Abha,SA,2021-01-12 00:08:54,18.2164,42.5053,44.6,87,40,6.91
389,Bozoum,CF,2021-01-12 00:18:19,6.3193,16.3799,67.37,26,96,2.55
390,Mayna,RU,2021-01-12 00:18:19,54.1135,47.6231,-13.7,90,3,4.74
391,Northam,GB,2021-01-12 00:04:30,51.0333,-4.2167,48.99,95,100,14.0
392,Chichi,NG,2021-01-12 00:18:19,7.2721,8.9332,79.11,38,0,9.71
393,Victor Harbor,AU,2021-01-12 00:18:20,-35.5667,138.6167,66.99,60,81,5.99
394,Verkhnevilyuysk,RU,2021-01-12 00:08:36,63.4453,120.3167,-43.62,81,92,1.54
395,General Pico,AR,2021-01-12 00:18:21,-35.6566,-63.7568,68.29,23,0,11.63
396,Brenham,US,2021-01-12 00:14:55,30.1669,-96.3977,39.2,81,90,8.05
397,Bilma,NE,2021-01-12 00:18:21,18.6853,12.9164,65.08,26,0,4.29
398,Locri,IT,2021-01-12 00:18:21,38.2414,16.2623,53.6,87,75,6.91
399,Giyani,ZA,2021-01-12 00:18:21,-23.3025,30.7187,72.09,74,25,6.73
400,Bonito,BR,2021-01-12 00:18:21,-21.1211,-56.4819,80.8,55,0,1.97
401,Pailon,BO,2021-01-12 00:18:22,-17.65,-62.75,77.0,88,66,10.36
402,Merauke,ID,2021-01-12 00:18:22,-8.4667,140.3333,85.06,68,82,2.35
403,Tucurui,BR,2021-01-12 00:18:22,-3.7661,-49.6725,75.18,90,63,2.37
404,Bloomsburg,US,2021-01-12 00:18:23,41.0037,-76.4549,30.99,77,17,1.7
405,Bodden Town,KY,2021-01-12 00:18:23,19.2833,-81.25,79.0,89,20,9.22
406,Morant Bay,JM,2021-01-12 00:14:47,17.8815,-76.4093,82.4,65,20,17.27
407,Esmeraldas,BR,2021-01-12 00:18:23,-19.7625,-44.3139,78.8,78,40,4.61
408,Beringovskiy,RU,2021-01-12 00:18:23,63.05,179.3167,-21.05,81,44,12.84
409,Moerai,PF,2021-01-12 00:18:24,-22.4333,-151.3333,80.71,76,100,19.17
410,Fereydun Kenar,IR,2021-01-12 00:18:24,36.6864,52.5225,49.35,62,0,1.5
411,Nicoya,CR,2021-01-12 00:18:24,10.1483,-85.452,82.4,65,75,21.85
412,Houma,US,2021-01-12 00:18:24,29.5958,-90.7195,42.8,81,90,5.75
413,Hay River,CA,2021-01-12 00:08:27,60.8156,-115.7999,32.0,74,50,10.36
414,Constitucion,CL,2021-01-12 00:16:42,-35.3333,-72.4167,56.77,61,0,18.59
415,Mecca,SA,2021-01-12 00:18:25,21.4267,39.8261,70.59,48,0,6.13
416,Esil,KZ,2021-01-12 00:18:25,51.9556,66.4042,12.97,96,100,8.52
417,Roald,NO,2021-01-12 00:18:25,62.5833,6.1333,32.0,93,90,9.22
418,Morgan City,US,2021-01-12 00:17:25,29.6994,-91.2068,39.99,87,90,8.05
419,Monrovia,LR,2021-01-12 00:14:55,6.3005,-10.7969,75.2,94,75,9.62
420,Tonantins,BR,2021-01-12 00:18:26,-2.8731,-67.8022,74.44,95,73,2.04
421,Fort Nelson,CA,2021-01-12 00:18:26,58.8053,-122.7002,23.0,93,90,6.91
422,Adre,TD,2021-01-12 00:18:26,13.4667,22.2,60.85,28,0,12.35
423,Puerto Del Rosario,ES,2021-01-12 00:18:26,28.5004,-13.8627,57.2,72,0,6.91
424,Tiarei,PF,2021-01-12 00:18:27,-17.5333,-149.3333,84.2,65,75,10.36
425,Bisira,PA,2021-01-12 00:18:27,8.5196,-81.7115,60.75,100,98,6.04
426,Port Hawkesbury,CA,2021-01-12 00:18:27,45.6169,-61.3485,28.0,80,1,4.61
427,Ulma,DE,2021-01-12 00:18:27,48.3984,9.9916,23.0,74,76,3.0
428,Sola,VU,2021-01-12 00:18:28,-13.8833,167.55,84.2,84,75,6.85
429,Deputatskiy,RU,2021-01-12 00:18:28,69.3,139.9,-39.95,79,0,1.16
430,Conselheiro Pena,BR,2021-01-12 00:18:28,-19.1722,-41.4722,75.56,81,77,5.68
431,North Bend,US,2021-01-12 00:18:28,43.4065,-124.2243,55.4,76,90,6.91
432,Namatanai,PG,2021-01-12 00:18:28,-3.6667,152.4333,85.26,66,99,6.35
433,Cotonou,BJ,2021-01-12 00:18:29,6.3654,2.4183,80.6,94,40,8.05
434,Shakawe,BW,2021-01-12 00:18:29,-18.3667,21.85,71.11,86,95,3.42
435,Lasa,IT,2021-01-12 00:17:18,46.6166,10.7002,15.8,53,0,8.05
436,Paraiso,CR,2021-01-12 00:18:29,9.8383,-83.8656,68.0,73,75,11.5
437,Oyama,JP,2021-01-12 00:18:30,36.3,139.8,39.99,80,75,3.44
438,Bathsheba,BB,2021-01-12 00:04:38,13.2167,-59.5167,77.0,83,40,12.66
439,Sibolga,ID,2021-01-12 00:04:50,1.7427,98.7792,75.0,84,100,3.98
440,Ninghai,CN,2021-01-12 00:18:31,29.2892,121.4247,34.0,84,0,4.56
441,Altay,CN,2021-01-12 00:18:31,47.8667,88.1167,9.28,71,46,2.04
442,Braganca,BR,2021-01-12 00:18:31,-1.0536,-46.7656,75.04,92,26,2.26
443,Kuhdasht,IR,2021-01-12 00:18:31,33.535,47.6061,38.34,57,0,1.9
444,Boguchany,RU,2021-01-12 00:18:32,58.3814,97.4531,-28.64,82,0,3.24
445,Atambua,ID,2021-01-12 00:18:32,-9.1061,124.8925,81.21,77,25,0.25
446,East Millcreek,US,2021-01-12 00:18:32,40.7,-111.8105,35.01,86,1,19.57
447,Nabire,ID,2021-01-12 00:18:32,-3.3667,135.4833,82.4,75,100,0.49
448,Buala,SB,2021-01-12 00:18:32,-8.145,159.5921,82.6,79,100,8.52
449,Nelson Bay,AU,2021-01-12 00:17:07,-32.7167,152.15,80.01,53,0,6.91
450,Ko Samui,TH,2021-01-12 00:18:33,9.5357,99.9357,80.26,70,64,17.16
451,Aksu,CN,2021-01-12 00:18:33,41.1231,80.2644,6.55,76,0,2.46
452,Morvi,IN,2021-01-12 00:18:12,22.8167,70.8333,59.0,55,20,4.61
453,Maniitsoq,GL,2021-01-12 00:17:03,65.4167,-52.9,19.42,94,100,5.88
454,Vigrestad,NO,2021-01-12 00:18:33,58.5667,5.7,32.0,93,40,3.44
455,Brae,GB,2021-01-12 00:18:34,60.3964,-1.353,35.6,87,40,17.27
456,Wanning,CN,2021-01-12 00:18:34,18.8003,110.3967,54.18,68,95,16.55
457,Eureka,US,2021-01-12 00:18:34,40.8021,-124.1637,57.99,79,93,1.01
458,Sogne,NO,2021-01-12 00:18:35,58.0833,7.8167,30.0,86,29,3.44
459,Erenhot,CN,2021-01-12 00:18:35,43.6475,111.9767,6.53,88,76,12.08
460,Itacoatiara,BR,2021-01-12 00:18:35,-3.1431,-58.4442,76.51,89,43,1.54
461,Shenjiamen,CN,2021-01-12 00:18:35,29.9576,122.298,39.38,67,0,17.69
462,Kozhva,RU,2021-01-12 00:17:54,65.1073,57.0459,-16.74,82,77,3.65
463,Clyde,US,2021-01-12 00:18:36,41.3042,-82.9752,28.99,83,8,1.99
464,Svetlyy,RU,2021-01-12 00:18:36,54.675,20.1347,33.8,80,0,13.42
465,Puro,PH,2021-01-12 00:18:36,12.4841,123.3827,76.78,81,96,17.13
466,Havelock,US,2021-01-12 00:18:36,34.8791,-76.9013,44.6,87,90,6.91
467,Manubul,PH,2021-01-12 00:18:37,5.4732,120.7986,82.78,70,49,1.19
468,Beloha,MG,2021-01-12 00:18:37,-25.1667,45.05,73.13,85,0,8.86
469,Kholtoson,RU,2021-01-12 00:18:37,50.2981,103.3097,-2.43,82,88,4.09
470,Kununurra,AU,2021-01-12 00:09:18,-15.7667,128.7333,86.0,84,10,4.61
471,Sharanga,RU,2021-01-12 00:18:38,57.1775,46.5396,-5.98,92,100,5.23
472,Mayumba,GA,2021-01-12 00:09:26,-3.432,10.6554,78.21,88,99,8.93
473,Grand Gaube,MU,2021-01-12 00:18:38,-20.0064,57.6608,79.0,86,98,8.99
474,Seoul,KR,2021-01-12 00:14:29,37.5683,126.9778,12.2,85,75,4.61
475,Ambilobe,MG,2021-01-12 00:16:17,-13.2,49.05,74.07,94,19,2.08
476,Areka,ET,2021-01-12 00:18:39,7.0667,37.7,59.95,67,75,5.86
477,Painesville,US,2021-01-12 00:18:39,41.7245,-81.2457,30.2,64,90,8.05
478,Tevaitoa,PF,2021-01-12 00:18:39,-16.7833,-151.5,81.34,76,81,20.38
479,Tamiahua,MX,2021-01-12 00:18:39,21.2667,-97.45,57.02,66,94,14.23
480,Revda,RU,2021-01-12 00:18:40,56.801,59.9303,-5.8,71,40,11.18
481,Kaman,IN,2021-01-12 00:18:40,27.65,77.2667,47.17,53,0,6.13
482,Pafos,CY,2021-01-12 00:18:40,34.7667,32.4167,55.4,76,0,3.44
483,Camana,PE,2021-01-12 00:18:40,-16.6228,-72.7111,70.93,75,98,7.18
484,Tazovskiy,RU,2021-01-12 00:18:40,67.4667,78.7,3.15,94,100,13.35
485,Berdigestyakh,RU,2021-01-12 00:18:41,62.0989,126.6992,-41.06,80,74,4.25
486,Leh,IN,2021-01-12 00:18:41,34.1667,77.5833,-0.02,36,0,2.21
487,Rio Grande,BR,2021-01-12 00:18:27,-32.035,-52.0986,69.78,94,100,12.53
488,Wawa,NG,2021-01-12 00:18:41,9.9022,4.4192,77.5,20,0,3.71
489,Kolobrzeg,PL,2021-01-12 00:18:41,54.1757,15.5834,33.01,95,100,27.38
490,Rabo De Peixe,PT,2021-01-12 00:18:42,37.8,-25.5833,59.0,100,90,5.75
491,Karratha,AU,2021-01-12 00:18:42,-20.7377,116.8463,90.99,53,18,14.09
492,Molina,CL,2021-01-12 00:18:42,-35.1167,-71.2833,73.99,35,0,8.05
493,Shahr-E Kord,IR,2021-01-12 00:18:42,32.3256,50.8644,10.4,61,0,4.61
494,Vallenar,CL,2021-01-12 00:18:42,-28.5708,-70.7581,70.16,32,0,3.27
495,Horta,PT,2021-01-12 00:18:43,38.5333,-28.6333,61.61,90,99,18.14
496,Half Moon Bay,US,2021-01-12 00:04:11,37.4636,-122.4286,60.01,82,1,11.5
497,Ziro,IN,2021-01-12 00:18:43,27.6333,93.8333,40.8,100,100,1.66
498,Komsomolskiy,UZ,2021-01-12 00:04:48,40.4272,71.7189,26.6,54,0,6.91
499,Margate,GB,2021-01-12 00:16:59,51.3813,1.3862,46.0,82,100,4.0
500,Waipawa,NZ,2021-01-12 00:18:43,-41.4122,175.5153,70.0,72,61,9.22
501,Nador,MA,2021-01-12 00:18:44,35.174,-2.9287,51.8,76,0,8.05
502,Handan,CN,2021-01-12 00:18:44,36.6006,114.4678,29.79,63,3,9.04
503,Garden City,US,2021-01-12 00:18:44,42.3256,-83.331,30.2,69,90,17.27
504,Mocuba,MZ,2021-01-12 00:18:44,-16.8392,36.9856,74.64,96,98,1.74
505,Seymchan,RU,2021-01-12 00:18:45,62.8833,152.4333,-28.79,83,100,1.45
506,Saint Anthony,US,2021-01-12 00:18:45,45.0205,-93.218,32.0,80,1,5.75
507,Nagayo,JP,2021-01-12 00:18:45,32.8242,129.8861,41.0,81,75,10.36
508,Sorland,NO,2021-01-12 00:16:39,67.667,12.6934,32.34,88,0,21.21
509,Tucuma,BR,2021-01-12 00:18:46,-0.1833,-50.05,76.53,92,100,6.31
510,Katsuura,JP,2021-01-12 00:18:46,35.1333,140.3,41.0,53,92,1.99
511,Itamaraju,BR,2021-01-12 00:18:46,-17.0392,-39.5311,72.27,96,4,3.33
512,Mareeba,AU,2021-01-12 00:18:46,-17.0,145.4333,87.8,70,40,8.05
513,Middelkerke,BE,2021-01-12 00:18:46,51.1558,2.8418,46.4,87,75,26.46
514,Hofn,IS,2021-01-12 00:18:47,64.2539,-15.2082,30.18,86,0,4.92
515,Gumrak,RU,2021-01-12 00:18:47,48.7826,44.3824,21.2,86,90,4.47
516,Lahaina,US,2021-01-12 00:15:46,20.8783,-156.6825,82.4,57,75,5.75
517,Kaseda,JP,2021-01-12 00:18:47,31.4167,130.3167,37.4,100,75,8.05
518,Yeppoon,AU,2021-01-12 00:18:47,-23.1333,150.7333,84.2,51,20,10.36
519,Huilong,CN,2021-01-12 00:18:48,31.8111,121.655,37.0,59,0,11.48
520,Charters Towers,AU,2021-01-12 00:18:48,-20.1,146.2667,79.47,75,92,11.27
521,Guisa,CU,2021-01-12 00:18:48,20.255,-76.5386,77.0,83,75,13.8
522,Faya,SA,2021-01-12 00:18:48,18.3851,42.4509,42.8,87,40,6.91
523,Mananara,MG,2021-01-12 00:18:48,-16.1667,49.7667,73.24,88,16,4.59
524,Pangkalanbuun,ID,2021-01-12 00:14:23,-2.6833,111.6167,77.43,90,84,1.01
525,Tigil,RU,2021-01-12 00:17:57,57.8,158.6667,4.53,87,100,3.83
526,Shache,CN,2021-01-12 00:18:49,38.4167,77.2406,11.57,85,0,1.74
527,Karatau,KZ,2021-01-12 00:18:49,43.1667,70.4667,37.29,66,88,27.34
528,Knysna,ZA,2021-01-12 00:18:49,-34.0363,23.0471,66.2,100,90,9.22
529,Tecoanapa,MX,2021-01-12 00:18:50,16.5167,-98.75,79.86,73,2,5.99
530,Tabou,CI,2021-01-12 00:18:50,4.423,-7.3528,77.85,87,100,7.29
531,Sitka,US,2021-01-12 00:18:50,57.0531,-135.33,42.8,75,90,12.66
532,Hambantota,LK,2021-01-12 00:18:50,6.1241,81.1185,77.2,86,95,1.36
533,Hovd,MN,2021-01-12 00:18:51,48.0056,91.6419,14.97,72,14,4.0
534,Anloga,GH,2021-01-12 00:18:51,5.7947,0.8973,80.6,89,20,5.75
535,Caernarfon,GB,2021-01-12 00:18:51,53.1413,-4.2702,48.2,93,90,19.57
536,Yoichi,JP,2021-01-12 00:18:51,43.2039,140.7703,24.01,79,75,6.91
537,Alamos,MX,2021-01-12 00:18:52,27.0167,-108.9333,72.0,37,0,4.05
538,Tura,IN,2021-01-12 00:15:11,25.5198,90.2201,57.9,64,3,3.04
539,Agirish,RU,2021-01-12 00:18:52,61.9247,63.0231,-23.46,87,0,0.6
540,Awbari,LY,2021-01-12 00:18:52,26.5921,12.7805,64.38,26,26,6.38
541,Sistranda,NO,2021-01-12 00:18:53,63.7256,8.834,21.2,79,75,6.91
542,Porto Walter,BR,2021-01-12 00:16:52,-8.2686,-72.7439,76.44,91,90,1.25
543,Sabha,LY,2021-01-12 00:18:06,27.0377,14.4283,65.28,25,36,12.3
544,Chake Chake,TZ,2021-01-12 00:18:53,-5.2459,39.7666,78.66,76,23,10.71
545,Mandal,IN,2021-01-12 00:18:53,25.45,74.5667,50.56,44,0,3.18
546,Dawlatabad,AF,2021-01-12 00:18:53,36.4141,64.9053,36.32,68,0,3.6
547,Yaan,NG,2021-01-12 00:09:35,7.3833,8.5667,76.68,33,0,5.61
548,Gewane,ET,2021-01-12 00:18:54,10.1664,40.6453,68.04,66,23,5.3
549,Bacong,PH,2021-01-12 00:18:54,9.2464,123.2956,80.6,78,90,13.8
550,Barra Do Corda,BR,2021-01-12 00:18:54,-5.5,-45.25,75.87,90,86,0.34
551,Matara,LK,2021-01-12 00:18:55,5.9485,80.5353,75.65,90,78,3.44
552,Thessalon,CA,2021-01-12 00:18:55,46.2501,-83.5666,30.2,93,90,10.31
553,Sangin,AF,2021-01-12 00:12:37,32.0728,64.8359,36.52,62,0,2.26
554,Nuevo Progreso,MX,2021-01-12 00:18:55,23.1667,-97.95,48.0,61,60,8.01
555,La Paz,BO,2021-01-12 00:18:55,-16.5,-68.15,48.2,76,75,5.75
556,Bubaque,GW,2021-01-12 00:18:56,11.2833,-15.8333,81.64,58,67,14.29
557,Santiago De Cuba,CU,2021-01-12 00:18:56,20.0247,-75.8219,80.6,74,40,12.66
558,Soyo,AO,2021-01-12 00:18:56,-6.1349,12.3689,77.34,84,27,7.36
559,Cullman,US,2021-01-12 00:18:56,34.1748,-86.8436,37.99,93,90,5.75
560,Cassilandia,BR,2021-01-12 00:15:52,-19.1133,-51.7342,80.55,63,95,2.57
561,La Rioja,ES,2021-01-12 00:18:56,42.25,-2.5,35.01,86,0,11.5
562,Guarapari,BR,2021-01-12 00:18:57,-20.6667,-40.4975,79.0,83,40,8.05
563,Safranbolu,TR,2021-01-12 00:18:57,41.2508,32.6942,53.62,68,92,0.47
564,Haverfordwest,GB,2021-01-12 00:18:57,51.8017,-4.9691,48.2,93,75,26.46
565,Tomatlan,MX,2021-01-12 00:18:57,19.9333,-105.25,75.92,47,0,3.98
566,Suntar,RU,2021-01-12 00:18:58,62.1444,117.6319,-41.51,80,94,1.72
567,Matagami,CA,2021-01-12 00:18:58,49.7502,-77.6328,19.4,93,90,8.05
568,Along,IN,2021-01-12 00:18:58,28.1667,94.7667,56.21,80,88,1.95
569,Eskisehir,TR,2021-01-12 00:18:44,39.7767,30.5206,50.0,81,40,3.44
570,Muli,MV,2021-01-12 00:16:55,2.9167,73.5667,81.09,77,98,12.95
571,Mozhaysk,RU,2021-01-12 00:18:59,55.5019,36.0272,3.97,95,100,1.36
572,Champasak,LA,2021-01-12 00:18:59,14.75,106.0,57.2,62,75,18.41
573,Auki,SB,2021-01-12 00:09:25,-8.7676,160.7034,82.67,80,100,5.95
574,Bay City,US,2021-01-12 00:18:59,43.5945,-83.8889,28.4,80,90,13.8
575,Jaru,BR,2021-01-12 00:19:00,-10.4389,-62.4664,75.45,92,92,3.22
576,Jiayuguan,CN,2021-01-12 00:19:00,39.8167,98.3,15.76,70,0,11.3
577,Padang,ID,2021-01-12 00:12:40,-0.9492,100.3543,75.36,87,100,8.1
578,Taywarah,AF,2021-01-12 00:19:00,33.35,64.4167,19.2,53,0,4.61
579,Divnomorskoye,RU,2021-01-12 00:19:00,44.5011,38.1353,38.82,80,100,6.58
580,Swan Hill,AU,2021-01-12 00:09:29,-35.3378,143.5544,80.83,34,0,11.14
581,Lazaro Cardenas,MX,2021-01-12 00:19:01,17.9583,-102.2,78.42,65,0,4.18
582,Senanga,ZM,2021-01-12 00:19:01,-16.1167,23.2667,68.34,92,100,4.92
583,Lavrentiya,RU,2021-01-12 00:19:01,65.5833,-171.0,-12.14,82,100,10.25
584,Sylacauga,US,2021-01-12 00:18:33,33.1732,-86.2516,43.0,93,90,3.44
585,Turbat,PK,2021-01-12 00:19:02,26.0023,63.044,55.67,26,0,12.73
586,Gore,NZ,2021-01-12 00:19:02,-46.1028,168.9436,71.46,45,0,1.23
587,Lamu,KE,2021-01-12 00:19:02,-2.2717,40.902,78.8,78,75,8.05
588,Quixeramobim,BR,2021-01-12 00:19:03,-5.1992,-39.2928,78.4,69,78,7.2
589,Zapolyarnyy,RU,2021-01-12 00:19:03,69.4154,30.8136,8.6,85,75,11.5
590,Harper,LR,2021-01-12 00:16:23,4.375,-7.7169,78.4,85,97,7.76
591,Trindade,BR,2021-01-12 00:16:16,-16.6494,-49.4889,75.2,88,20,3.44
592,Grootfontein,NA,2021-01-12 00:19:04,-19.5667,18.1167,66.2,94,100,6.91
593,Narrabri,AU,2021-01-12 00:19:04,-30.3167,149.7833,82.4,42,0,4.61
594,Cap Malheureux,MU,2021-01-12 00:19:04,-19.9842,57.6142,79.0,86,98,8.99
595,Chardara,KZ,2021-01-12 00:19:04,41.2547,67.9692,37.56,67,20,4.92
596,Meulaboh,ID,2021-01-12 00:19:04,4.1363,96.1285,75.24,85,91,3.76
597,Ovsyanka,RU,2021-01-12 00:19:05,55.9575,92.5519,-18.4,76,0,3.38
598,Kieta,PG,2021-01-12 00:09:16,-6.2167,155.6333,77.92,86,100,2.28
599,Sept-Iles,CA,2021-01-12 00:15:04,50.2001,-66.3821,19.4,68,16,5.75
600,Chatham,GB,2021-01-12 00:19:05,51.3789,0.5279,46.0,89,100,8.01
601,Batagay-Alyta,RU,2021-01-12 00:19:05,67.8006,130.4114,-38.69,79,60,1.41
602,Atasu,KZ,2021-01-12 00:19:06,48.6814,71.6433,21.43,89,64,20.65
603,Salamiyah,SY,2021-01-12 00:19:06,35.0113,37.0532,54.7,46,100,3.02
604,Uyuni,BO,2021-01-12 00:19:06,-20.4597,-66.825,61.21,34,71,9.75
605,Bandarbeyla,SO,2021-01-12 00:09:06,9.4942,50.8122,71.31,73,17,21.79
606,Lexington,US,2021-01-12 00:19:06,37.9887,-84.4777,28.0,68,1,4.61
607,Normandin,CA,2021-01-12 00:19:07,48.8333,-72.5321,19.4,92,84,1.23
608,Khani,GE,2021-01-12 00:19:07,41.9563,42.9566,50.0,93,90,6.91
609,Hedaru,TZ,2021-01-12 00:18:26,-4.5,37.9,72.36,80,89,3.31
610,Porto Novo,BJ,2021-01-12 00:19:07,6.4965,2.6036,80.6,94,40,8.05
611,Labuhan,ID,2021-01-12 00:19:07,-6.8844,112.2051,80.15,83,90,8.77
612,Kiunga,PG,2021-01-12 00:19:08,-6.1219,141.2906,84.33,75,80,1.61
613,Sarh,TD,2021-01-12 00:19:08,9.1429,18.3923,62.6,59,0,3.96
614,Marzuq,YE,2021-01-12 00:19:08,14.4,46.4667,49.15,48,54,4.41
615,Xuddur,SO,2021-01-12 00:19:08,4.1213,43.8894,68.45,65,0,17.54
616,Walvis Bay,NA,2021-01-12 00:19:09,-22.9575,14.5053,68.0,77,82,6.91
617,Hailar,CN,2021-01-12 00:19:09,49.2,119.7,-4.83,92,100,5.99
618,Ankang,CN,2021-01-12 00:19:09,32.68,109.0172,34.0,51,0,2.66
619,Araouane,ML,2021-01-12 00:19:09,18.9048,-3.5265,63.64,28,0,13.33
620,Mahina,PF,2021-01-12 00:19:09,-17.5065,-149.489,84.2,65,75,10.36
621,Muisne,EC,2021-01-12 00:19:10,0.6,-80.0333,76.5,85,36,7.14
622,Waihi Beach,NZ,2021-01-12 00:19:10,-37.4,175.9333,79.0,57,19,13.0
623,Dahuk,IQ,2021-01-12 00:19:10,36.8695,42.994,44.85,57,37,1.5
624,Itapage,BR,2021-01-12 00:19:10,-3.6867,-39.5861,72.14,85,52,3.85
625,Goderich,CA,2021-01-12 00:19:11,43.7501,-81.7165,30.2,74,100,17.27
626,Artigas,UY,2021-01-12 00:19:11,-30.4,-56.4667,73.0,91,83,18.14
627,Skala,PL,2021-01-12 00:19:11,50.2305,19.8536,21.99,93,26,1.14
628,Kokopo,PG,2021-01-12 00:19:11,-4.352,152.2633,82.44,76,100,2.26
629,Ulagan,RU,2021-01-12 00:19:11,50.6321,87.9563,18.57,90,100,1.97
630,Kyra,RU,2021-01-12 00:19:11,49.5776,111.9753,-3.46,86,98,4.14
631,Port-Gentil,GA,2021-01-12 00:19:12,-0.7193,8.7815,80.6,83,20,6.91
632,Yzeure,FR,2021-01-12 00:19:12,46.5644,3.355,35.01,86,90,4.61
633,Katubao,PH,2021-01-12 00:19:12,5.8892,124.8294,77.0,94,90,4.05
634,Princeton,US,2021-01-12 00:15:08,25.5384,-80.4089,71.6,78,75,3.44
635,Vanimo,PG,2021-01-12 00:09:22,-2.6741,141.3028,85.03,68,37,3.87
636,Sioux Lookout,CA,2021-01-12 00:19:13,50.1001,-91.917,23.0,86,75,3.44
637,Monkey Bay,MW,2021-01-12 00:19:13,-14.0728,34.9201,77.85,73,100,1.03
638,Luganville,VU,2021-01-12 00:19:14,-15.5333,167.1667,87.42,65,100,7.38
639,Wasilla,US,2021-01-12 00:16:33,61.5814,-149.4394,33.8,47,1,14.97
640,Hirado,JP,2021-01-12 00:19:14,33.3597,129.5531,41.0,81,75,10.36
641,Gadsden,US,2021-01-12 00:19:14,34.0143,-86.0066,41.0,93,90,5.75
642,Calvia,ES,2021-01-12 00:19:14,39.5657,2.5062,45.0,61,58,9.08
643,Huarmey,PE,2021-01-12 00:09:34,-10.0681,-78.1522,71.17,81,22,7.58
644,Camocim,BR,2021-01-12 00:19:15,-2.9022,-40.8411,78.66,81,8,12.48
645,Blatna,CZ,2021-01-12 00:19:15,49.4249,13.8818,24.01,96,93,1.01
646,Morro Agudo,BR,2021-01-12 00:16:26,-20.7314,-48.0578,73.4,94,0,5.75
647,Darlawn,IN,2021-01-12 00:19:16,24.0167,92.9,51.4,92,88,2.98
648,Sulangan,PH,2021-01-12 00:19:16,11.1373,123.7228,80.04,83,100,26.04
649,Jacksonville,US,2021-01-12 00:16:14,30.3322,-81.6556,62.6,82,75,5.75
650,Trelew,AR,2021-01-12 00:19:16,-43.249,-65.3051,61.21,32,84,8.46
651,Marrakesh,MA,2021-01-12 00:15:26,31.6315,-8.0083,41.0,93,40,4.61
652,Sebezh,RU,2021-01-12 00:19:17,56.2955,28.4654,21.06,98,94,6.93
653,La Asuncion,VE,2021-01-12 00:19:17,11.0333,-63.8628,76.77,84,55,12.82
654,Ginda,IN,2021-01-12 00:19:17,30.6945,78.4932,43.12,39,0,8.37
655,Tairua,NZ,2021-01-12 00:19:17,-37.0167,175.85,69.93,65,19,10.11
656,Qingdao,CN,2021-01-12 00:19:18,36.0986,120.3719,30.99,58,0,4.47
657,Namuac,PH,2021-01-12 00:19:18,18.6109,121.1657,70.0,83,87,11.86
658,Le Port,RE,2021-01-12 00:19:18,-20.9373,55.2919,78.8,94,75,17.27
659,Mandalgovi,MN,2021-01-12 00:19:18,45.7625,106.2708,12.04,89,77,19.19
660,Harrison,US,2021-01-12 00:18:14,30.4091,-89.0436,42.8,81,90,10.36
661,Talaya,RU,2021-01-12 00:19:19,61.3833,152.75,-28.64,81,100,1.41
662,Tawang,IN,2021-01-12 00:19:19,27.5833,91.8667,33.49,87,80,1.68
663,Kamenka,RU,2021-01-12 00:19:19,51.3223,42.7678,9.09,96,86,4.76
664,Shipunovo,RU,2021-01-12 00:19:19,52.1582,82.2173,11.91,96,100,9.66
665,Barlinek,PL,2021-01-12 00:19:20,52.9946,15.2186,36.0,72,100,17.0
666,Eirunepe,BR,2021-01-12 00:19:20,-6.6603,-69.8736,76.15,90,41,2.19
667,Cooma,AU,2021-01-12 00:19:20,-36.2333,149.1333,80.6,36,40,10.36
668,Alugan,PH,2021-01-12 00:19:20,12.2188,125.4808,78.94,87,100,19.28
669,Sheridan,US,2021-01-12 00:19:20,44.8333,-106.9173,35.01,80,1,5.75
670,Hereford,GB,2021-01-12 00:19:20,52.0568,-2.7148,48.99,90,100,1.01
